{
  "Author": "冲田绫乃喵★~",
  "Name": "AyanoHimutuBox",
  "InternalName": "AyanoHimituBox",
  "AssemblyVersion": "1.0.5.0",
  "Description": "求求你们别开挂了：C",
  "ApplicableVersion": "any",
  "RepoUrl": "https://github.com/Infiziert90/DutyTracker",
  "Tags": [
    "Duty",
    "Tracking",
    "Trials",
    "Savage"
  ],
  "DalamudApiLevel": 14,
  "LoadRequiredState": 0,
  "LoadSync": false,
  "CanUnloadAsync": false,
  "LoadPriority": 0,
  "IconUrl": "https://raw.githubusercontent.com/Ayano-12/Ayano-Himitu-Box/main/icon.png",
  "Punchline": "求求你们别开挂了：C",
  "AcceptsFeedback": true
}